,Sentiment,Text
0,-2,abandon
1,-2,abandoned
2,-2,abandons
3,-2,abducted
4,-2,abduction
5,-2,abductions
6,-3,abhor
7,-3,abhorred
8,-3,abhorrent
9,-3,abhors
10,1,abilities
11,1,ability
12,1,aboard
13,-1,aborted
14,-1,aborts
15,-1,absentee
16,-1,absentees
17,1,absolve
18,1,absolved
19,1,absolves
20,1,absolving
21,1,absorbed
22,-3,abuse
23,-3,abused
24,-3,abuses
25,-3,abusing
26,-3,abusive
27,1,accept
28,1,acceptable
29,1,acceptance
30,1,accepted
31,1,accepting
32,1,accepts
33,1,accessible
34,-2,accident
35,-2,accidental
36,-2,accidentally
37,-2,accidents
38,1,acclaim
39,1,acclaimed
40,1,accolade
41,2,accomplish
42,2,accomplished
43,2,accomplishes
44,2,accomplishment
45,2,accomplishments
46,-2,accusation
47,-2,accusations
48,-2,accuse
49,-2,accused
50,-2,accuses
51,-2,accusing
52,-2,ache
53,1,achievable
54,-2,aching
55,1,acquit
56,1,acquits
57,1,acquitted
58,1,acquitting
59,-3,acrimonious
60,1,active
61,1,adequate
62,3,admire
63,3,admired
64,3,admires
65,3,admiring
66,-1,admit
67,-1,admits
68,-1,admitted
69,-2,admonish
70,-2,admonished
71,1,adopt
72,1,adopts
73,1,adorable
74,1,adoration
75,1,adore
76,1,adored
77,1,adores
78,1,adoring
79,1,adoringly
80,1,advanced
81,2,advantage
82,2,advantageous
83,2,advantageously
84,2,advantages
85,2,adventure
86,2,adventures
87,2,adventurous
88,-1,adversary
89,1,advisable
90,-1,affected
91,1,affection
92,1,affectionate
93,1,affectionateness
94,-1,afflicted
95,1,affordable
96,-1,affronted
97,2,aficionados
98,-2,afraid
99,-2,aggravate
100,-2,aggravated
101,-2,aggravates
102,-2,aggravating
103,-2,aggression
104,-2,aggressions
105,-2,aggressive
106,-2,aggressiveness
107,-2,aghast
108,2,agog
109,-3,agonise
110,-3,agonised
111,-3,agonises
112,-3,agonising
113,-3,agonize
114,-3,agonized
115,-3,agonizes
116,-3,agonizing
117,1,agree
118,1,agreeable
119,1,agreed
120,1,agreement
121,1,agrees
122,-2,alarm
123,-2,alarmed
124,-2,alarmist
125,-2,alarmists
126,-1,alas
127,-1,alert
128,-2,alienation
129,1,alive
130,-2,allegation
131,-2,allegations
132,-2,allergic
133,1,allow
134,1,ally
135,-2,alone
136,1,altruistic
137,2,amaze
138,2,amazed
139,2,amazes
140,4,amazing
141,2,ambitious
142,-1,ambivalent
143,2,amicable
144,1,amuse
145,1,amused
146,1,amusement
147,1,amusements
148,-3,anger
149,-3,angered
150,-3,angers
151,-3,angry
152,-3,anguish
153,-3,anguished
154,-2,animosity
155,-2,annoy
156,-2,annoyance
157,-2,annoyed
158,-2,annoying
159,-2,annoys
160,-2,antagonistic
161,-1,anti
162,1,anticipation
163,-2,anxiety
164,-2,anxious
165,-3,apathetic
166,-3,apathy
167,-3,apeshit
168,-2,apocalyptic
169,-1,apologise
170,-1,apologised
171,-1,apologises
172,-1,apologising
173,-1,apologize
174,-1,apologized
175,-1,apologizes
176,-1,apologizing
177,-1,apology
178,-2,appalled
179,-2,appalling
180,1,appealing
181,1,appease
182,1,appeased
183,1,appeases
184,1,appeasing
185,2,applaud
186,2,applauded
187,2,applauding
188,2,applauds
189,2,applause
190,2,appreciate
191,2,appreciated
192,2,appreciates
193,2,appreciating
194,2,appreciation
195,-2,apprehensive
196,1,appropriate
197,1,appropriately
198,1,approval
199,1,approved
200,1,approves
201,1,ardent
202,-2,arrest
203,-3,arrested
204,-2,arrests
205,-2,arrogant
206,-4,arsehole
207,-2,ashame
208,-2,ashamed
209,-4,ass
210,-3,assassination
211,-3,assassinations
212,-2,assault
213,-2,assaults
214,1,asset
215,1,assets
216,-4,assfucking
217,-4,asshole
218,2,astonished
219,1,astound
220,1,astounded
221,3,astounding
222,3,astoundingly
223,2,astounds
224,-3,atrocious
225,-3,atrocity
226,-1,attack
227,-1,attacked
228,-1,attacking
229,-1,attacks
230,1,attract
231,1,attracted
232,1,attracting
233,1,attraction
234,1,attractions
235,2,attractive
236,2,attractively
237,2,attractiveness
238,1,attracts
239,3,audacious
240,1,aura
241,1,authority
242,-2,avenge
243,-2,avenged
244,-2,avenger
245,-2,avengers
246,-2,avenges
247,-2,avenging
248,-1,avert
249,-1,averted
250,-1,averts
251,2,avid
252,-1,avoid
253,-1,avoided
254,-1,avoids
255,-1,await
256,-1,awaited
257,-1,awaits
258,3,award
259,3,awarded
260,3,awards
261,4,awesome
262,-3,awful
263,-2,awkward
264,-1,axe
265,-1,axed
266,1,backed
267,1,backing
268,1,backs
269,-3,bad
270,-2,bad luck
271,-3,badass
272,-3,badly
273,-3,badness
274,-2,bailout
275,1,balanced
276,-2,bamboozle
277,-2,bamboozled
278,-2,bamboozles
279,-2,ban
280,-1,banish
281,-3,bankrupt
282,-3,bankruptcy
283,-3,bankster
284,-2,banned
285,-2,barbarian
286,-2,barbaric
287,-2,barbarous
288,1,bargain
289,-2,barrier
290,-5,bastard
291,-5,bastards
292,-1,battle
293,-1,battled
294,-1,battles
295,-2,battling
296,-2,beaten
297,1,beatific
298,-1,beating
299,1,beauties
300,1,beautiful
301,1,beautifully
302,1,beautify
303,1,beauty
304,1,befit
305,1,befitting
306,-2,belittle
307,-2,belittled
308,3,beloved
309,2,benefactor
310,2,benefactors
311,2,benefit
312,2,benefits
313,2,benefitted
314,2,benefitting
315,1,benevolent
316,-2,bereave
317,-2,bereaved
318,-2,bereaves
319,-2,bereaving
320,3,best
321,4,best damn
322,-3,betray
323,-3,betrayal
324,-3,betrayed
325,-3,betraying
326,-3,betrays
327,2,better
328,-1,bias
329,-2,biased
330,1,big
331,-5,bitch
332,-5,bitches
333,-2,bitter
334,-2,bitterest
335,-2,bitterly
336,-2,bizarre
337,-3,blackmail
338,-3,blackmailed
339,-3,blackmailing
340,-3,blackmails
341,-2,blah
342,-2,blame
343,-2,blamed
344,-2,blames
345,-2,blaming
346,2,bless
347,2,blesses
348,1,blessing
349,1,blessings
350,-1,blind
351,1,bliss
352,1,blissful
353,2,blithe
354,-1,bloated
355,-1,block
356,-2,blockade
357,3,blockbuster
358,-1,blocked
359,-1,blocking
360,-1,blocks
361,-3,bloody
362,-2,blurry
363,-2,boastful
364,2,bold
365,2,boldly
366,-1,bomb
367,1,boost
368,1,boosted
369,1,boosting
370,1,boosts
371,-2,bore
372,-2,bored
373,-3,boring
374,-2,bother
375,-2,bothered
376,-2,bothers
377,-2,bothersome
378,-2,boycott
379,-2,boycotted
380,-2,boycotting
381,-2,boycotts
382,-3,brainwashing
383,2,brave
384,2,braveness
385,2,bravery
386,1,bravura
387,-2,breach
388,-2,breached
389,-2,breaches
390,-2,breaching
391,1,breakthrough
392,5,breathtaking
393,-3,bribe
394,-3,bribed
395,-3,bribes
396,-3,bribing
397,1,bright
398,2,brightest
399,1,brightness
400,4,brilliant
401,3,brilliance
402,3,brilliances
403,2,brisk
404,-1,broke
405,-1,broken
406,-2,brooding
407,-3,brutal
408,-3,brutally
409,-2,bullied
410,-4,bullshit
411,-2,bully
412,-2,bullying
413,-2,bummer
414,2,buoyant
415,-2,burden
416,-2,burdened
417,-2,burdening
418,-2,burdens
419,-2,burglar
420,-2,burglary
421,2,calm
422,2,calmed
423,2,calming
424,2,calms
425,-3,can't stand
426,-1,cancel
427,-1,cancelled
428,-1,cancelling
429,-1,cancels
430,-1,cancer
431,1,capabilities
432,1,capability
433,1,capable
434,3,captivated
435,2,care
436,1,carefree
437,2,careful
438,2,carefully
439,2,carefulness
440,-2,careless
441,2,cares
442,2,caring
443,-2,cashing in
444,-2,casualty
445,-3,catastrophe
446,-4,catastrophic
447,-1,cautious
448,1,celebrate
449,1,celebrated
450,1,celebrates
451,1,celebrating
452,1,celebration
453,1,celebrations
454,-2,censor
455,-2,censored
456,-2,censors
457,1,certain
458,-2,chagrin
459,-2,chagrined
460,-1,challenge
461,2,champion
462,2,championed
463,2,champions
464,1,chance
465,1,chances
466,-2,chaos
467,-2,chaotic
468,-3,charged
469,-2,charges
470,2,charisma
471,1,charitable
472,3,charm
473,3,charming
474,3,charmingly
475,-3,charmless
476,-3,chastise
477,-3,chastised
478,-3,chastises
479,-3,chastising
480,-3,cheat
481,-3,cheated
482,-3,cheater
483,-3,cheaters
484,-3,cheating
485,-3,cheats
486,2,cheer
487,2,cheered
488,2,cheerful
489,2,cheerfully
490,2,cheering
491,-2,cheerless
492,1,cheers
493,3,cheery
494,1,cherish
495,1,cherished
496,1,cherishes
497,1,cherishing
498,1,chic
499,-3,chide
500,-3,chided
501,-3,chides
502,-3,chiding
503,-2,childish
504,-1,chilling
505,-2,choke
506,-2,choked
507,-2,chokes
508,-2,choking
509,1,clarifies
510,1,clarity
511,-2,clash
512,3,classy
513,1,clean
514,1,cleaner
515,1,clear
516,1,cleared
517,1,clearly
518,1,clears
519,2,clever
520,-1,clouded
521,-2,clueless
522,-5,cock
523,-5,cocksucker
524,-5,cocksuckers
525,-2,cocky
526,-2,coerced
527,-2,coercion
528,-2,collapse
529,-2,collapsed
530,-2,collapses
531,-2,collapsing
532,-1,collide
533,-1,collides
534,-1,colliding
535,-2,collision
536,-2,collisions
537,-3,colluding
538,-1,combat
539,-1,combats
540,1,comedy
541,1,comfort
542,1,comfortable
543,1,comfortably
544,1,comforting
545,1,comforts
546,1,comic
547,2,commend
548,2,commended
549,1,commit
550,2,commitment
551,1,commits
552,1,committed
553,1,committing
554,1,compassion
555,1,compassionate
556,1,compelled
557,1,competencies
558,2,competent
559,1,competitive
560,-2,complacent
561,-2,complain
562,-2,complained
563,-2,complaining
564,-2,complains
565,-2,complaint
566,-2,complaints
567,-2,complicating
568,2,compliment
569,2,complimented
570,2,compliments
571,1,comprehensive
572,-2,concerned
573,1,conciliate
574,2,conciliated
575,1,conciliates
576,1,conciliating
577,-2,condemn
578,-2,condemnation
579,-2,condemned
580,-2,condemns
581,1,confidence
582,1,confident
583,1,confidently
584,-2,conflict
585,-2,conflicting
586,-2,conflictive
587,-2,conflicts
588,-2,confuse
589,-2,confused
590,-2,confusing
591,2,congrats
592,2,congratulate
593,2,congratulation
594,2,congratulations
595,1,consent
596,1,consents
597,1,consolable
598,-3,conspiracy
599,-2,constipation
600,-2,constrained
601,-2,contagion
602,-2,contagions
603,-1,contagious
604,-2,contaminant
605,-2,contaminants
606,-2,contaminate
607,-2,contaminated
608,-2,contaminates
609,-2,contaminating
610,-2,contamination
611,-2,contaminations
612,-2,contempt
613,-2,contemptible
614,-2,contemptuous
615,-2,contemptuously
616,-1,contend
617,-1,contender
618,-1,contending
619,-2,contentious
620,-2,contestable
621,-2,controversial
622,-2,controversially
623,-2,controversies
624,-2,controversy
625,-2,convicted
626,1,convince
627,1,convinced
628,1,convinces
629,1,convivial
630,1,cool
631,3,cool stuff
632,-2,cornered
633,-1,corpse
634,-3,corrupt
635,-3,corrupted
636,-3,corrupting
637,-3,corruption
638,-3,corrupts
639,-2,costly
640,1,courage
641,1,courageous
642,1,courageously
643,1,courageousness
644,1,courteous
645,1,courtesy
646,-3,cover-up
647,-2,coward
648,-2,cowardly
649,1,coziness
650,-1,cramp
651,-3,crap
652,-3,crappy
653,-2,crash
654,-2,crazier
655,-2,craziest
656,-2,crazy
657,2,creative
658,-2,crestfallen
659,-2,cried
660,-2,cries
661,-3,crime
662,-3,crimes
663,-3,criminal
664,-3,criminals
665,-3,criminate
666,-3,criminated
667,-3,criminates
668,-3,crisis
669,-2,critic
670,-2,criticise
671,-2,criticised
672,-2,criticises
673,-2,criticising
674,-2,criticism
675,-2,criticize
676,-2,criticized
677,-2,criticizes
678,-2,criticizing
679,-2,critics
680,-2,critique
681,-1,crowding
682,-1,crude
683,-3,cruel
684,-3,cruelty
685,-1,crush
686,-2,crushed
687,-1,crushes
688,-1,crushing
689,-1,cry
690,-2,crying
691,2,cunning
692,-5,cunt
693,1,curious
694,-1,curse
695,-1,cut
696,-2,cutback
697,-2,cutbacks
698,1,cute
699,-1,cuts
700,-1,cutting
701,-2,cynic
702,-2,cynical
703,-2,cynicism
704,-3,damage
705,-3,damaged
706,-3,damages
707,-3,damaging
708,-2,damn
709,3,damn cute
710,4,damn good
711,-4,damned
712,-4,damnit
713,-2,danger
714,-2,dangerous
715,-2,dangerously
716,2,daredevil
717,1,daring
718,-2,darkest
719,-1,darkness
720,2,dauntless
721,1,dazzling
722,-3,dead
723,-2,deadening
724,-2,deadlock
725,-3,deadly
726,-1,deafening
727,1,dearly
728,-2,death
729,-2,deaths
730,2,debonair
731,-2,debt
732,-3,deceit
733,-3,deceitful
734,-3,deceive
735,-3,deceived
736,-3,deceives
737,-3,deceiving
738,-3,deception
739,-3,deceptive
740,1,decisive
741,2,dedicated
742,2,dedication
743,-2,defeat
744,-2,defeated
745,-3,defect
746,-3,defective
747,-3,defects
748,1,defender
749,1,defenders
750,-2,defenseless
751,-1,defer
752,-1,deferring
753,-1,defiant
754,-2,deficient
755,-2,deficiency
756,-2,deficiencies
757,-2,deficit
758,-2,deformed
759,-2,deformities
760,-2,deformity
761,-3,defraud
762,-3,defrauds
763,2,deft
764,-2,defunct
765,-2,degrade
766,-2,degraded
767,-2,degrades
768,-2,dehumanize
769,-2,dehumanized
770,-2,dehumanizes
771,-2,dehumanizing
772,-2,deject
773,-2,dejected
774,-2,dejecting
775,-2,dejects
776,-1,delay
777,-1,delayed
778,3,delectable
779,3,delicious
780,3,delectable
781,3,delighted
782,3,delightful
783,3,delightfully
784,3,delighting
785,1,delights
786,-1,demand
787,-1,demanded
788,-1,demanding
789,-1,demands
790,-1,demonstration
791,-2,demoralize
792,-2,demoralized
793,-2,demoralizes
794,-2,demoralizing
795,-2,denial
796,-2,denials
797,-2,denied
798,-2,denier
799,-2,deniers
800,-2,denies
801,-2,denounce
802,-2,denounces
803,-2,dent
804,-2,deny
805,-2,denying
806,-3,deplore
807,-3,deplored
808,-3,deplores
809,-3,deploring
810,-2,deport
811,-2,deported
812,-2,deporting
813,-2,deports
814,-2,deportation
815,-2,deportations
816,-2,depressed
817,-2,depressing
818,-3,deprivation
819,-2,derail
820,-2,derailed
821,-2,derails
822,-2,derelict
823,-2,deride
824,-2,derided
825,-2,derides
826,-2,deriding
827,-2,derision
828,2,desirable
829,1,desire
830,1,desired
831,2,desirous
832,-3,despair
833,-3,despairing
834,-3,despairs
835,-3,desperate
836,-3,desperately
837,-3,despondent
838,-3,destroy
839,-3,destroyed
840,-3,destroying
841,-3,destroys
842,-3,destruction
843,-3,destructive
844,-1,detached
845,-2,detain
846,-2,detained
847,-2,detention
848,-2,deteriorate
849,-2,deteriorated
850,-2,deteriorates
851,-2,deteriorating
852,1,determined
853,-2,deterrent
854,-1,detract
855,-1,detracted
856,-1,detracts
857,-2,devastate
858,-2,devastated
859,-2,devastating
860,-2,devastation
861,-2,devastations
862,1,devoted
863,2,devotion
864,2,devotional
865,1,diamond
866,-4,dick
867,-4,dickhead
868,-3,die
869,-3,died
870,-1,difficult
871,-2,diffident
872,1,dignity
873,-1,dilemma
874,2,dilligence
875,-3,dipshit
876,-3,dire
877,-3,direful
878,-2,dirt
879,-2,dirtier
880,-2,dirtiest
881,-2,dirty
882,-2,disabilities
883,-2,disability
884,-1,disabling
885,-2,disadvantage
886,-2,disadvantaged
887,-2,disagree
888,-2,disagreeable
889,-2,disagreement
890,-1,disappear
891,-1,disappeared
892,-1,disappears
893,-2,disappoint
894,-2,disappointed
895,-2,disappointing
896,-2,disappointment
897,-2,disappointments
898,-2,disappoints
899,-2,disapproval
900,-2,disapprovals
901,-2,disapprove
902,-2,disapproved
903,-2,disapproves
904,-2,disapproving
905,-2,disaster
906,-2,disasters
907,-3,disastrous
908,-2,disbelieve
909,-1,discard
910,-1,discarded
911,-1,discarding
912,-1,discards
913,1,discernment
914,-2,discomfort
915,-2,disconsolate
916,-2,disconsolation
917,-2,discontented
918,-2,discord
919,-1,discounted
920,-2,discouraged
921,-2,discredited
922,-2,discriminate
923,-2,discriminated
924,-2,discriminates
925,-2,discriminating
926,-2,discriminatory
927,-2,disdain
928,-1,disease
929,-1,diseases
930,-2,disgrace
931,-2,disgraced
932,-1,disguise
933,-1,disguised
934,-1,disguises
935,-1,disguising
936,-3,disgust
937,-3,disgusted
938,-3,disgustful
939,-3,disgusting
940,-2,disheartened
941,-2,dishonest
942,-2,disillusioned
943,-2,disinclined
944,-2,disjointed
945,-2,dislike
946,-2,disliked
947,-2,dislikes
948,-2,dismal
949,-2,dismayed
950,-2,dismissed
951,-2,disorder
952,-2,disorders
953,-2,disorganized
954,-2,disoriented
955,-2,disparage
956,-2,disparaged
957,-2,disparages
958,-2,disparaging
959,-2,displeased
960,-2,displeasure
961,-2,disproportionate
962,-2,dispute
963,-2,disputed
964,-2,disputes
965,-2,disputing
966,-2,disqualified
967,-2,disquiet
968,-2,disregard
969,-2,disregarded
970,-2,disregarding
971,-2,disregards
972,-2,disrespect
973,-2,disrespected
974,-2,disrupt
975,-2,disrupted
976,-2,disrupting
977,-2,disruption
978,-2,disruptions
979,-2,disruptive
980,-2,disrupts
981,-2,dissatisfied
982,-2,distasteful
983,1,distinguished
984,-2,distort
985,-2,distorted
986,-2,distorting
987,-2,distorts
988,-2,distract
989,-2,distracted
990,-2,distraction
991,-2,distracts
992,-2,distress
993,-2,distressed
994,-2,distresses
995,-2,distressing
996,-3,distrust
997,-3,distrustful
998,-2,disturb
999,-2,disturbed
1000,-2,disturbing
1001,-2,disturbs
1002,-2,dithering
1003,-1,diverting
1004,-1,dizzy
1005,-2,dodging
1006,-2,dodgy
1007,-3,does not work
1008,-2,dolorous
1009,1,donate
1010,1,donated
1011,1,donates
1012,1,donating
1013,1,donation
1014,-2,dont like
1015,-2,doom
1016,-2,doomed
1017,-1,doubt
1018,-1,doubted
1019,-1,doubtful
1020,-1,doubting
1021,-1,doubts
1022,-3,douche
1023,-3,douchebag
1024,-2,dour
1025,-2,downcast
1026,-2,downer
1027,-2,downhearted
1028,-2,downside
1029,-1,drag
1030,-1,dragged
1031,-1,drags
1032,-2,drained
1033,-2,dread
1034,-2,dreaded
1035,-3,dreadful
1036,-2,dreading
1037,1,dream
1038,1,dreams
1039,-2,dreary
1040,-2,droopy
1041,-1,drop
1042,-1,dropped
1043,-2,drown
1044,-2,drowned
1045,-2,drowns
1046,-2,drudgery
1047,-2,drunk
1048,-2,dubious
1049,-2,dud
1050,-2,dull
1051,-3,dumb
1052,-3,dumbass
1053,-1,dump
1054,-2,dumped
1055,-1,dumps
1056,-2,dupe
1057,-2,duped
1058,-2,dupery
1059,1,durable
1060,-3,dying
1061,-2,dysfunction
1062,1,eager
1063,1,earnest
1064,1,ease
1065,1,easy
1066,4,ecstatic
1067,-2,eerie
1068,-2,eery
1069,2,effective
1070,2,effectively
1071,2,effectiveness
1072,2,effortlessly
1073,1,elated
1074,1,elation
1075,2,elegant
1076,2,elegantly
1077,-2,embarrass
1078,-2,embarrassed
1079,-2,embarrasses
1080,-2,embarrassing
1081,-2,embarrassment
1082,-3,embezzlement
1083,-2,embittered
1084,1,embrace
1085,-2,emergency
1086,1,empathetic
1087,1,empower
1088,1,empowerment
1089,-1,emptiness
1090,-1,empty
1091,1,enchanted
1092,2,encourage
1093,2,encouraged
1094,2,encouragement
1095,2,encourages
1096,2,encouraging
1097,1,endorse
1098,1,endorsed
1099,1,endorsement
1100,1,endorses
1101,-2,enemies
1102,-2,enemy
1103,2,energetic
1104,1,engage
1105,1,engages
1106,1,engrossed
1107,1,engrossing
1108,2,enjoy
1109,1,enjoyable
1110,2,enjoyed
1111,2,enjoying
1112,2,enjoys
1113,1,enlighten
1114,1,enlightened
1115,1,enlightening
1116,1,enlightens
1117,-2,ennui
1118,-2,enrage
1119,-2,enraged
1120,-2,enrages
1121,-2,enraging
1122,1,enrapture
1123,-2,enslave
1124,-2,enslaved
1125,-2,enslaves
1126,1,ensure
1127,1,ensuring
1128,1,enterprising
1129,1,entertaining
1130,1,enthral
1131,3,enthusiastic
1132,1,entitled
1133,1,entrusted
1134,-1,envies
1135,-2,envious
1136,1,environment-friendly
1137,-1,envy
1138,-1,envying
1139,-2,erroneous
1140,-2,error
1141,-2,errors
1142,-1,escape
1143,-1,escapes
1144,-1,escaping
1145,2,esteem
1146,1,esteemed
1147,1,ethical
1148,1,euphoria
1149,4,euphoric
1150,-1,evacuate
1151,-1,evacuated
1152,-1,evacuates
1153,-1,evacuating
1154,-1,evacuation
1155,2,evergreen
1156,2,evergreens
1157,-3,evergreening
1158,-1,eviction
1159,-3,evil
1160,-2,exacerbate
1161,-2,exacerbated
1162,-2,exacerbates
1163,-2,exacerbating
1164,-2,exaggerate
1165,-2,exaggerated
1166,-2,exaggerates
1167,-2,exaggerating
1168,-2,exasparate
1169,-2,exasperated
1170,-2,exasperates
1171,-2,exasperating
1172,3,excellence
1173,3,excellent
1174,3,excite
1175,3,excited
1176,3,excitement
1177,3,exciting
1178,-1,exclude
1179,-2,excluded
1180,-1,exclusion
1181,1,exclusive
1182,-1,excruciatingly
1183,-1,excuse
1184,-1,exempt
1185,-2,exhausted
1186,1,exhilarated
1187,1,exhilarates
1188,1,exhilarating
1189,1,exonerate
1190,1,exonerated
1191,1,exonerates
1192,1,exonerating
1193,1,expand
1194,1,expands
1195,-2,expel
1196,-2,expelled
1197,-2,expelling
1198,-2,expels
1199,2,expertly
1200,-2,exploit
1201,-2,exploited
1202,-2,exploiting
1203,-2,exploits
1204,1,exploration
1205,1,explorations
1206,-1,expose
1207,-1,exposed
1208,-1,exposes
1209,-1,exposing
1210,1,exquisite
1211,1,extend
1212,1,extends
1213,-2,extremist
1214,-2,extremists
1215,4,exuberant
1216,1,exultant
1217,1,exultantly
1218,4,fabulous
1219,4,fabulously
1220,-2,fad
1221,-3,fag
1222,-3,faggot
1223,-3,faggots
1224,-2,fail
1225,-2,failed
1226,-2,failing
1227,-2,fails
1228,-2,failure
1229,-2,failures
1230,-2,fainthearted
1231,2,fair
1232,1,fairness
1233,1,faith
1234,3,faithful
1235,-3,fake
1236,-3,faker
1237,-3,fakes
1238,-3,faking
1239,-2,fallen
1240,-1,falling
1241,-1,FALSE
1242,-2,falsely
1243,-3,falsified
1244,-3,falsify
1245,1,fame
1246,-2,famine
1247,1,famous
1248,3,fan
1249,4,fantastic
1250,-1,farce
1251,3,fascinate
1252,3,fascinated
1253,3,fascinates
1254,3,fascinating
1255,3,fascination
1256,-2,fascist
1257,-2,fascists
1258,-3,fatal
1259,-3,fatalities
1260,-3,fatality
1261,-2,fatigue
1262,-2,fatigued
1263,-2,fatigues
1264,-2,fatiguing
1265,1,favor
1266,1,favorable
1267,1,favorably
1268,1,favored
1269,1,favorite
1270,1,favorited
1271,1,favorites
1272,1,favors
1273,1,favour
1274,1,favourable
1275,1,favourably
1276,1,favoured
1277,1,favourite
1278,1,favourited
1279,1,favourites
1280,1,favours
1281,-2,fear
1282,-2,fearful
1283,-2,fearfully
1284,-2,fearing
1285,2,fearless
1286,2,fearlessness
1287,-2,fearsome
1288,-3,fed up
1289,-2,feeble
1290,1,feeling
1291,-3,felonies
1292,-3,felony
1293,1,fertile
1294,1,fervent
1295,1,fervid
1296,1,festive
1297,-2,fever
1298,-3,fiasco
1299,-2,fidgety
1300,-1,fight
1301,-2,fighting
1302,1,fine
1303,-2,fines
1304,3,finest
1305,-2,fire
1306,-2,fired
1307,-2,firing
1308,1,fit
1309,1,fitness
1310,-2,filth
1311,-2,filthy
1312,1,flagship
1313,-2,flaw
1314,-3,flawed
1315,1,flawless
1316,1,flawlessly
1317,-2,flaws
1318,-1,flees
1319,-2,flop
1320,-2,flops
1321,-2,flu
1322,-2,flustered
1323,2,focused
1324,1,fond
1325,1,fondness
1326,-2,fool
1327,-2,foolish
1328,-2,fools
1329,-1,forbid
1330,-2,forbidden
1331,-2,forbidding
1332,-1,forced
1333,-2,foreclosure
1334,-2,foreclosures
1335,1,forefront
1336,-1,forget
1337,-2,forgetful
1338,-1,forgettable
1339,1,forgive
1340,1,forgiving
1341,-1,forgot
1342,-1,forgotten
1343,2,fortune
1344,2,fortunate
1345,2,fortunately
1346,-3,foul
1347,-1,frantic
1348,-4,fraud
1349,-4,frauds
1350,-4,fraudster
1351,-4,fraudsters
1352,-4,fraudulence
1353,-4,fraudulent
1354,-2,freak
1355,1,free
1356,1,freedom
1357,1,freedoms
1358,-3,frenzy
1359,1,fresh
1360,1,friend
1361,1,friendliness
1362,1,friendly
1363,1,friendship
1364,-2,fright
1365,-2,frightened
1366,-3,frightening
1367,-2,frikin
1368,1,frisky
1369,-1,frowning
1370,-2,fruitless
1371,-2,frustrate
1372,-2,frustrated
1373,-2,frustrates
1374,-2,frustrating
1375,-2,frustration
1376,1,ftw
1377,-4,fuck
1378,-4,fucked
1379,-4,fucker
1380,-4,fuckers
1381,-4,fuckface
1382,-4,fuckhead
1383,-4,fuckin
1384,-4,fucking
1385,4,fucking amazing
1386,4,fucking beautiful
1387,4,fucking cute
1388,4,fucking fantastic
1389,4,fucking good
1390,4,fucking great
1391,1,fucking hot
1392,4,fucking love
1393,4,fucking loves
1394,4,fucking perfect
1395,-4,fucktard
1396,-3,fud
1397,-4,fuked
1398,-4,fuking
1399,2,fulfill
1400,2,fulfilled
1401,1,fulfillment
1402,2,fulfills
1403,-2,fuming
1404,4,fun
1405,-1,funeral
1406,-1,funerals
1407,1,funky
1408,4,funnier
1409,4,funny
1410,-3,furious
1411,-2,futile
1412,-2,gag
1413,-2,gagged
1414,1,gain
1415,1,gained
1416,1,gaining
1417,1,gains
1418,3,gallant
1419,3,gallantly
1420,3,gallantry
1421,3,game-changing
1422,-1,garbage
1423,1,gem
1424,1,generous
1425,1,generously
1426,1,genial
1427,-2,ghastly
1428,-1,ghost
1429,-2,giddy
1430,1,gift
1431,3,glad
1432,1,glamorous
1433,1,glamourous
1434,1,glee
1435,1,gleeful
1436,-1,gloom
1437,-2,gloomy
1438,2,glorious
1439,2,glory
1440,-2,glum
1441,1,god
1442,-3,goddamn
1443,4,godsend
1444,1,gold
1445,3,good
1446,3,goodlooking
1447,1,goodmorning
1448,3,goodness
1449,3,goodwill
1450,-2,goofiness
1451,-2,goofy
1452,1,grace
1453,2,graceful
1454,1,gracious
1455,3,grand
1456,1,grant
1457,1,granted
1458,1,granting
1459,1,grants
1460,3,grateful
1461,2,gratification
1462,-2,grave
1463,-1,gray
1464,-2,grisly
1465,3,gr8
1466,3,great
1467,3,greater
1468,3,greatest
1469,-3,greed
1470,-2,greedy
1471,-3,green wash
1472,-3,green washing
1473,-3,greenwash
1474,-3,greenwasher
1475,-3,greenwashers
1476,-3,greenwashing
1477,1,greet
1478,1,greeted
1479,1,greeting
1480,1,greetings
1481,1,greets
1482,-1,grey
1483,-2,grief
1484,-2,grieved
1485,-2,grim
1486,1,gripping
1487,-2,groan
1488,-2,groaned
1489,-2,groaning
1490,-2,groans
1491,-2,gross
1492,1,growing
1493,2,growth
1494,2,growths
1495,-3,gruesome
1496,1,guarantee
1497,-3,guilt
1498,-3,guilty
1499,-2,gullibility
1500,-2,gullible
1501,-1,gun
1502,-1,hacked
1503,1,haha
1504,1,hahaha
1505,3,hahahah
1506,1,hail
1507,1,hailed
1508,1,hallelujah
1509,1,handpicked
1510,2,handsome
1511,-2,hapless
1512,-2,haplessness
1513,3,happiest
1514,3,happiness
1515,3,happy
1516,-3,harass
1517,-3,harassed
1518,-3,harasses
1519,-3,harassing
1520,-3,harassment
1521,-1,hard
1522,1,hardier
1523,-2,hardship
1524,1,hardy
1525,-2,harm
1526,-2,harmed
1527,-2,harmful
1528,-2,harming
1529,1,harmony
1530,1,harmonious
1531,1,harmoniously
1532,-2,harms
1533,-2,harried
1534,-2,harsh
1535,-2,harsher
1536,-2,harshest
1537,-2,harshly
1538,-3,hate
1539,-3,hated
1540,-3,hater
1541,-3,haters
1542,-3,hates
1543,-3,hating
1544,-3,hatred
1545,-1,haunt
1546,-2,haunted
1547,1,haunting
1548,-1,haunts
1549,-2,havoc
1550,-3,hazardous
1551,-2,headache
1552,2,healthy
1553,-3,heartbreaking
1554,-3,heartbroken
1555,3,heartfelt
1556,-2,heartless
1557,3,heartwarming
1558,1,heaven
1559,4,heavenly
1560,-2,heavyhearted
1561,1,hehe
1562,-4,hell
1563,-2,hellish
1564,2,help
1565,2,helpful
1566,2,helping
1567,-2,helpless
1568,2,helps
1569,2,hero
1570,2,heroes
1571,3,heroic
1572,-2,hesitant
1573,-2,hesitate
1574,-1,hid
1575,-1,hide
1576,-3,hideous
1577,-1,hides
1578,-1,hiding
1579,1,highlight
1580,2,hilarious
1581,-2,hinder
1582,-2,hindrance
1583,-2,hoax
1584,-1,hollow
1585,-2,homeless
1586,-2,homesick
1587,-2,homicide
1588,-2,homicides
1589,2,honest
1590,2,honor
1591,2,honored
1592,2,honoring
1593,2,honour
1594,2,honoured
1595,2,honouring
1596,-2,hooligan
1597,-2,hooliganism
1598,-2,hooligans
1599,2,hope
1600,2,hopeful
1601,2,hopefully
1602,-2,hopeless
1603,-2,hopelessness
1604,2,hopes
1605,2,hoping
1606,-3,horrendous
1607,-3,horrid
1608,-3,horrible
1609,-3,horrific
1610,-3,horrified
1611,-2,hospitalized
1612,-2,hostile
1613,-2,huckster
1614,1,hug
1615,1,huge
1616,1,hugs
1617,1,humane
1618,1,humble
1619,-2,humbug
1620,1,humerous
1621,-3,humiliated
1622,-3,humiliation
1623,1,humor
1624,1,humorous
1625,1,humour
1626,1,humourous
1627,-2,hunger
1628,5,hurrah
1629,-2,hurt
1630,-2,hurting
1631,-2,hurts
1632,-2,hypocritical
1633,-3,hysteria
1634,-3,hysterical
1635,-3,hysterics
1636,-3,icky
1637,-3,idiocy
1638,-3,idiot
1639,-3,idiotic
1640,-2,ignorance
1641,-2,ignorant
1642,-1,ignore
1643,-2,ignored
1644,-1,ignores
1645,-2,ill
1646,-2,ill-fated
1647,-3,illegal
1648,-3,illegally
1649,-3,illegitimate
1650,-2,illiteracy
1651,-2,illness
1652,-2,illnesses
1653,-2,illogical
1654,1,imaginative
1655,-3,imbecile
1656,-1,immobilized
1657,1,immortal
1658,1,immune
1659,-2,impair
1660,-2,impaired
1661,-2,impairing
1662,-2,impairment
1663,-2,impairs
1664,-2,impatient
1665,-3,impeachment
1666,-3,impeachments
1667,-2,impede
1668,-2,impeded
1669,-2,impedes
1670,-2,impeding
1671,-2,impedingly
1672,-2,imperfect
1673,1,importance
1674,1,important
1675,-1,impose
1676,-1,imposed
1677,-1,imposes
1678,-1,imposing
1679,-2,imposter
1680,-2,impotent
1681,3,impress
1682,3,impressed
1683,3,impresses
1684,3,impressive
1685,-2,imprisoned
1686,-2,imprisonment
1687,-2,improper
1688,-2,improperly
1689,2,improve
1690,2,improved
1691,2,improvement
1692,2,improves
1693,2,improving
1694,-2,inability
1695,-2,inaction
1696,-2,inadequate
1697,-2,inadvertently
1698,-2,inappropriate
1699,-2,incapable
1700,-2,incapacitated
1701,-2,incapacitates
1702,-2,incapacitating
1703,-2,incense
1704,-2,incensed
1705,-2,incenses
1706,-2,incensing
1707,-2,incoherent
1708,-2,incompetence
1709,-2,incompetent
1710,-1,incomplete
1711,-2,incomprehensible
1712,-2,inconsiderate
1713,-2,inconvenience
1714,-2,inconvenient
1715,1,increase
1716,1,increased
1717,-2,indecisive
1718,1,indestructible
1719,-2,indicted
1720,-2,indifference
1721,-2,indifferent
1722,-2,indignant
1723,-2,indignation
1724,-2,indoctrinate
1725,-2,indoctrinated
1726,-2,indoctrinates
1727,-2,indoctrinating
1728,-2,inediable
1729,-3,inexorable
1730,-3,inexcusable
1731,-2,ineffective
1732,-2,ineffectively
1733,-2,ineffectual
1734,-2,inefficiency
1735,-2,inefficient
1736,-2,inefficiently
1737,-2,inept
1738,-2,ineptitude
1739,-2,infantile
1740,-2,infantilized
1741,1,infatuated
1742,1,infatuation
1743,-2,infect
1744,-2,infected
1745,-2,infecting
1746,-2,infection
1747,-2,infections
1748,-2,infectious
1749,-2,infects
1750,-2,inferior
1751,-2,infest
1752,-2,infested
1753,-2,infesting
1754,-2,infests
1755,-2,inflamed
1756,-2,inflict
1757,-2,inflicted
1758,-2,inflicting
1759,-2,inflicts
1760,2,influential
1761,-2,infract
1762,-2,infracted
1763,-2,infracting
1764,-2,infracts
1765,-2,infringement
1766,-2,infuriate
1767,-2,infuriated
1768,-2,infuriates
1769,-2,infuriating
1770,-1,inhibit
1771,-2,inhuman
1772,-2,injured
1773,-2,injuries
1774,-2,injury
1775,-2,injustice
1776,1,innovate
1777,1,innovates
1778,1,innovation
1779,2,innovative
1780,-2,inoperative
1781,-2,inquisition
1782,2,inquisitive
1783,-2,insane
1784,-2,insanity
1785,-2,insecure
1786,-2,insensitive
1787,-2,insensitivity
1788,-2,insignificant
1789,-2,insipid
1790,-2,insolvent
1791,-2,insomnia
1792,1,inspiration
1793,1,inspirational
1794,1,inspire
1795,1,inspired
1796,1,inspires
1797,3,inspiring
1798,-2,insufficiency
1799,-2,insufficient
1800,-2,insufficiently
1801,-2,insult
1802,-2,insulted
1803,-2,insulting
1804,-2,insults
1805,1,intact
1806,2,integrity
1807,2,intelligent
1808,1,intense
1809,1,interest
1810,2,interested
1811,2,interesting
1812,1,interests
1813,-2,interrogated
1814,-2,interrupt
1815,-2,interrupted
1816,-2,interrupting
1817,-2,interruption
1818,-2,interrupts
1819,2,intimacy
1820,-2,intimidate
1821,-2,intimidated
1822,-2,intimidates
1823,-2,intimidating
1824,-2,intimidation
1825,-2,intransigence
1826,-2,intransigency
1827,1,intricate
1828,1,intrigues
1829,-1,invasion
1830,1,invincible
1831,1,invite
1832,1,inviting
1833,1,invulnerable
1834,-3,irate
1835,-1,ironic
1836,-1,irony
1837,-1,irrational
1838,-2,irreparable
1839,-2,irreproducible
1840,1,irresistible
1841,1,irresistibly
1842,-2,irresolute
1843,-2,irresponsible
1844,-2,irresponsibly
1845,-1,irreversible
1846,-1,irreversibly
1847,-3,irritate
1848,-3,irritated
1849,-3,irritates
1850,-3,irritating
1851,-1,isolated
1852,-2,itchy
1853,-4,jackass
1854,-4,jackasses
1855,-2,jailed
1856,1,jaunty
1857,-2,jealous
1858,-2,jealousy
1859,-2,jeopardy
1860,-3,jerk
1861,1,jesus
1862,1,jewel
1863,1,jewels
1864,1,jocular
1865,1,join
1866,1,joke
1867,1,jokes
1868,1,jolly
1869,1,jovial
1870,1,joy
1871,1,joyful
1872,1,joyfully
1873,-2,joyless
1874,1,joyous
1875,3,jubilant
1876,-1,jumpy
1877,2,justice
1878,1,justifiably
1879,2,justified
1880,1,keen
1881,-3,kickback
1882,-3,kickbacks
1883,-2,kidnap
1884,-2,kidnapped
1885,-2,kidnapping
1886,-2,kidnappings
1887,-2,kidnaps
1888,-3,kill
1889,-3,killed
1890,-3,killing
1891,-3,kills
1892,1,kind
1893,0,kind of
1894,1,kinder
1895,2,kindness
1896,1,kiss
1897,3,kudos
1898,-2,lack
1899,-2,lackadaisical
1900,-1,lag
1901,-2,lagged
1902,-2,lagging
1903,-2,lags
1904,-2,lame
1905,1,landmark
1906,-1,lapse
1907,-1,lapsed
1908,1,laugh
1909,1,laughed
1910,1,laughing
1911,1,laughs
1912,1,laughting
1913,1,launched
1914,3,lawl
1915,-2,lawsuit
1916,-2,lawsuits
1917,-1,lazy
1918,1,leadership
1919,2,leading
1920,-1,leak
1921,-1,leaked
1922,-1,leave
1923,1,legal
1924,1,legally
1925,1,lenient
1926,-2,lethal
1927,-2,lethality
1928,-2,lethargic
1929,-2,lethargy
1930,-3,liar
1931,-3,liars
1932,-2,libelous
1933,-2,lied
1934,-1,lifeless
1935,4,lifesaver
1936,1,lighthearted
1937,2,likable
1938,2,like
1939,2,likeable
1940,2,liked
1941,1,likers
1942,2,likes
1943,2,liking
1944,-1,limitation
1945,-1,limited
1946,-1,limits
1947,-1,litigation
1948,-2,litigious
1949,2,lively
1950,-2,livid
1951,4,lmao
1952,4,lmfao
1953,-3,loathe
1954,-3,loathed
1955,-3,loathes
1956,-3,loathing
1957,-3,loathsome
1958,-2,lobbied
1959,-2,lobby
1960,-2,lobbying
1961,-2,lobbyist
1962,-2,lobbyists
1963,3,lol
1964,4,lolol
1965,4,lololol
1966,4,lolololol
1967,-2,lonely
1968,-2,lonesome
1969,-1,longing
1970,3,lool
1971,-1,loom
1972,-1,loomed
1973,-1,looming
1974,-1,looms
1975,3,loool
1976,3,looool
1977,-3,loose
1978,-3,looses
1979,-3,loser
1980,-3,losing
1981,-3,loss
1982,-3,losses
1983,-3,lost
1984,-2,lousy
1985,3,lovable
1986,3,love
1987,3,loved
1988,3,lovelies
1989,3,lovely
1990,3,loves
1991,2,loving
1992,3,loving-kindness
1993,-1,lowest
1994,3,loyal
1995,3,loyalty
1996,1,luck
1997,1,luckily
1998,1,lucky
1999,1,lucrative
2000,-3,ludicrous
2001,-2,lugubrious
2002,-3,lunatic
2003,-3,lunatics
2004,-1,lurk
2005,-1,lurking
2006,-1,lurks
2007,1,luxury
2008,-2,macabre
2009,-3,mad
2010,-3,maddening
2011,-1,made-up
2012,-3,madly
2013,-3,madness
2014,3,magnificent
2015,-2,maladaption
2016,-2,maldevelopment
2017,-2,maltreatment
2018,-1,mandatory
2019,-1,manipulated
2020,-1,manipulating
2021,-1,manipulation
2022,-3,manslaughter
2023,3,marvel
2024,3,marvelous
2025,3,marvels
2026,4,masterpiece
2027,4,masterpieces
2028,1,matter
2029,1,matters
2030,2,mature
2031,1,meaningful
2032,-2,meaningless
2033,3,medal
2034,-3,mediocrity
2035,1,meditative
2036,-2,melancholy
2037,1,memorable
2038,-2,memoriam
2039,-2,menace
2040,-2,menaced
2041,-2,menaces
2042,1,mercy
2043,3,merry
2044,1,mesmerizing
2045,-2,mess
2046,-2,messed
2047,-2,messing up
2048,1,methodical
2049,1,methodically
2050,-2,mindless
2051,4,miracle
2052,3,mirth
2053,3,mirthful
2054,3,mirthfully
2055,-2,misbehave
2056,-2,misbehaved
2057,-2,misbehaves
2058,-2,misbehaving
2059,-3,misbranding
2060,-2,miscast
2061,-1,mischief
2062,-1,mischiefs
2063,-2,misclassified
2064,-2,misclassifies
2065,-2,misclassify
2066,-2,misconduct
2067,-2,misconducted
2068,-2,misconducting
2069,-2,misconducts
2070,-3,miserable
2071,-3,miserably
2072,-2,misery
2073,-2,misfire
2074,-2,misfortune
2075,-2,misgiving
2076,-2,misinformation
2077,-2,misinformed
2078,-2,misinterpreted
2079,-3,mislead
2080,-3,misleaded
2081,-3,misleading
2082,-3,misleads
2083,-2,misplace
2084,-2,misplaced
2085,-2,misplaces
2086,-2,misplacing
2087,-3,mispricing
2088,-1,misread
2089,-2,misreport
2090,-2,misreported
2091,-2,misreporting
2092,-2,misreports
2093,-2,misrepresent
2094,-2,misrepresentation
2095,-2,misrepresentations
2096,-2,misrepresented
2097,-2,misrepresenting
2098,-2,misrepresents
2099,-2,miss
2100,-2,missed
2101,-2,missing
2102,-2,mistake
2103,-2,mistaken
2104,-2,mistakes
2105,-2,mistaking
2106,-2,misunderstand
2107,-2,misunderstanding
2108,-2,misunderstands
2109,-2,misunderstood
2110,-2,misuse
2111,-2,misused
2112,-2,misuses
2113,-2,misusing
2114,-2,moan
2115,-2,moaned
2116,-2,moaning
2117,-2,moans
2118,-2,mock
2119,-2,mocked
2120,-2,mocking
2121,-2,mocks
2122,1,modernize
2123,1,modernized
2124,1,modernizes
2125,1,modernizing
2126,-2,mongering
2127,-2,monopolize
2128,-2,monopolized
2129,-2,monopolizes
2130,-2,monopolizing
2131,-1,monotone
2132,-1,moody
2133,-1,mope
2134,-1,moping
2135,-3,moron
2136,-5,motherfucker
2137,-5,motherfucking
2138,1,motivate
2139,2,motivated
2140,2,motivating
2141,1,motivation
2142,-2,mourn
2143,-2,mourned
2144,-2,mournful
2145,-2,mourning
2146,-2,mourns
2147,-2,muddy
2148,-2,mumpish
2149,-2,murder
2150,-2,murderer
2151,-3,murdering
2152,-3,murderous
2153,-2,murders
2154,-2,murky
2155,-1,myth
2156,-2,n00b
2157,-2,naive
2158,-2,narcissism
2159,-3,nasty
2160,1,natural
2161,-2,naÃÂÃÂÃÂÃÂÃÂÃÂÃÂÃÂÃÂÃÂÃÂÃÂÃÂÃÂÃÂÃÂÃÂÃÂÃÂÃÂÃÂÃÂÃÂÃÂÃÂÃÂÃÂÃÂÃÂÃÂÃÂÃÂÃÂÃÂÃÂÃÂÃÂÃÂÃÂÃÂÃÂÃÂÃÂÃÂÃÂÃÂÃÂÃÂÃÂÃÂÃÂÃÂÃÂÃÂÃÂÃÂÃÂÃÂÃÂÃÂÃÂÃÂÃÂÃÂÃÂÃÂÃÂÃÂÃÂÃÂÃÂÃÂÃÂÃÂÃÂÃÂÃÂÃÂÃÂÃÂÃÂÃÂÃÂÃÂÃÂÃÂÃÂÃÂÃÂÃÂÃÂÃÂÃÂÃÂÃÂÃÂÃÂÃÂÃÂÃÂÃÂÃÂÃÂÃÂÃÂÃÂÃÂÃÂÃÂÃÂÃÂÃÂÃÂÃÂÃÂÃÂÃÂÃÂÃÂÃÂÃÂÃÂÃÂÃÂÃÂÃÂÃÂÃÂÃÂÃÂÃÂÃÂÃÂÃÂÃÂÃÂÃÂÃÂÃÂÃÂÃÂÃÂÃÂÃÂÃÂÃÂÃÂÃÂÃÂÃÂÃÂÃÂÃÂÃÂÃÂÃÂÃÂÃÂÃÂÃÂÃÂÃÂÃÂÃÂÃÂÃÂÃÂÃÂÃÂÃÂÃÂÃÂÃÂÃÂÃÂÃÂÃÂÃÂÃÂÃÂÃÂÃÂÃÂÃÂÃÂÃÂÃÂÃÂÃÂÃÂÃÂÃÂÃÂÃÂÃÂÃÂÃÂÃÂÃÂÃÂÃÂÃÂÃÂÃÂÃÂÃÂÃÂÃÂÃÂÃÂÃÂÃÂÃÂÃÂÃÂÃÂÃÂÃÂÃÂÃÂÃÂÃÂÃÂÃÂÃÂÃÂÃÂÃÂÃÂÃÂÃÂÃÂÃÂÃÂÃÂÃÂÃÂÃÂÃÂÃÂÃÂÃÂÃÂÃÂÃÂÃÂÃÂÃÂÃÂÃÂÃÂÃÂÃÂÃÂÃÂÃÂÃÂÃÂÃÂÃÂÃÂÃÂÃÂÃÂÃÂÃÂÃÂÃÂÃÂÃÂÃÂÃÂÃÂÃÂÃÂÃÂÃÂÃÂÃÂÃÂÃÂÃÂÃÂÃÂÃÂÃÂÃÂÃÂÃÂÃÂÃÂÃÂÃÂÃÂÃÂÃÂÃÂÃÂÃÂÃÂÃÂÃÂÃÂÃÂÃÂÃÂÃÂÃÂÃÂÃÂÃÂÃÂÃÂÃÂÃÂÃÂÃÂÃÂÃÂÃÂÃÂÃÂÃÂÃÂÃÂÃÂÃÂÃÂÃÂÃÂÃÂÃÂÃÂÃÂÃÂÃÂÃÂÃÂÃÂÃÂÃÂÃÂÃÂÃÂÃÂÃÂÃÂÃÂÃÂÃÂÃÂÃÂÃÂÃÂÃÂÃÂÃÂÃÂÃÂÃÂÃÂÃÂÃÂÃÂÃÂÃÂÃÂÃÂÃÂÃÂÃÂÃÂÃÂÃÂÃÂÃÂÃÂÃÂÃÂÃÂÃÂÃÂÃÂÃÂÃÂÃÂÃÂÃÂÃÂÃÂÃÂÃÂÃÂÃÂÃÂÃÂÃÂÃÂÃÂÃÂÃÂÃÂÃÂÃÂÃÂÃÂÃÂÃÂÃÂÃÂÃÂÃÂÃÂÃÂÃÂÃÂÃÂÃÂÃÂÃÂÃÂÃÂÃÂÃÂÃÂÃÂÃÂÃÂÃÂÃÂÃÂÃÂÃÂÃÂÃÂÃÂÃÂÃÂÃÂÃÂÃÂÃÂÃÂÃÂÃÂÃÂÃÂÃÂÃÂÃÂÃÂÃÂÃÂÃÂÃÂÃÂÃÂÃÂÃÂÃÂÃÂÃÂÃÂÃÂÃÂÃÂÃÂÃÂÃÂÃÂÃÂÃÂÃÂÃÂÃÂÃÂÃÂÃÂÃÂÃÂÃÂÃÂÃÂÃÂÃÂÃÂÃÂÃÂÃÂÃÂÃÂÃÂÃÂÃÂÃÂÃÂÃÂÃÂÃÂÃÂÃÂÃÂÃÂÃÂÃÂÃÂÃÂÃÂÃÂÃÂÃÂÃÂÃÂÃÂÃÂÃÂÃÂÃÂÃÂÃÂÃÂÃÂÃÂÃÂÃÂÃÂÃÂÃÂÃÂÃÂÃÂÃÂÃÂÃÂÃÂÃÂÃÂÃÂÃÂÃÂÃÂÃÂÃÂÃÂÃÂÃÂÃÂÃÂÃÂÃÂÃÂÃÂÃÂÃÂÃÂÃÂÃÂÃÂÃÂÃÂÃÂÃÂÃÂÃÂÃÂÃÂÃÂÃÂÃÂÃÂÃÂÃÂÃÂÃÂÃÂÃÂÃÂÃÂÃÂÃÂÃÂÃÂÃÂÃÂÃÂÃÂÃÂÃÂÃÂÃÂÃÂÃÂÃÂÃÂÃÂÃÂÃÂÃÂÃÂÃÂÃÂÃÂÃÂÃÂÃÂÃÂÃÂÃÂÃÂÃÂÃÂÃÂÃÂÃÂÃÂÃÂÃÂÃÂÃÂÃÂÃÂÃÂÃÂÃÂÃÂÃÂÃÂÃÂÃÂÃÂÃÂÃÂÃÂÃÂÃÂÃÂÃÂÃÂÃÂÃÂÃÂÃÂÃÂÃÂÃÂÃÂÃÂÃÂÃÂÃÂÃÂÃÂÃÂÃÂÃÂÃÂÃÂÃÂÃÂÃÂÃÂÃÂÃÂÃÂÃÂÃÂÃÂÃÂÃÂÃÂÃÂÃÂÃÂÃÂÃÂÃÂÃÂÃÂÃÂÃÂÃÂÃÂÃÂÃÂÃÂÃÂÃÂÃÂÃÂÃÂÃÂÃÂÃÂÃÂÃÂÃÂÃÂÃÂÃÂÃÂÃÂÃÂÃÂÃÂÃÂÃÂÃÂÃÂÃÂÃÂÃÂÃÂÃÂÃÂÃÂÃÂÃÂÃÂÃÂÃÂÃÂÃÂÃÂÃÂÃÂÃÂÃÂÃÂÃÂÃÂÃÂÃÂÃÂÃÂÃÂÃÂÃÂÃÂÃÂÃÂÃÂÃÂÃÂÃÂÃÂÃÂÃÂÃÂÃÂÃÂÃÂÃÂÃÂÃÂÃÂÃÂÃÂÃÂÃÂÃÂÃÂÃÂÃÂÃÂÃÂÃÂÃÂÃÂÃÂÃÂÃÂÃÂÃÂÃÂÃÂÃÂÃÂÃÂÃÂÃÂÃÂÃÂÃÂÃÂÃÂÃÂÃÂÃÂÃÂÃÂÃÂÃÂÃÂÃÂÃÂÃÂÃÂÃÂÃÂÃÂÃÂÃÂÃÂÃÂÃÂÃÂÃÂÃÂÃÂÃÂÃÂÃÂÃÂÃÂÃÂÃÂÃÂÃÂÃÂÃÂÃÂÃÂÃÂÃÂÃÂÃÂÃÂÃÂÃÂÃÂÃÂÃÂÃÂÃÂÃÂÃÂÃÂÃÂÃÂÃÂÃÂÃÂÃÂÃÂÃÂÃÂÃÂÃÂÃÂÃÂÃÂÃÂÃÂÃÂÃÂÃÂÃÂÃÂÃÂÃÂÃÂÃÂÃÂÃÂÃÂÃÂÃÂÃÂÃÂÃÂÃÂÃÂÃÂÃÂÃÂÃÂÃÂÃÂÃÂÃÂÃÂÃÂÃÂÃÂÃÂÃÂÃÂÃÂÃÂÃÂÃÂÃÂÃÂÃÂÃÂÃÂÃÂÃÂÃÂÃÂÃÂÃÂÃÂÃÂÃÂÃÂÃÂÃÂÃÂÃÂÃÂÃÂÃÂÃÂÃÂÃÂÃÂÃÂÃÂÃÂÃÂÃÂÃÂÃÂÃÂÃÂÃÂÃÂÃÂÃÂÃÂÃÂÃÂÃÂÃÂÃÂÃÂÃÂÃÂÃÂÃÂÃÂÃÂÃÂÃÂÃÂÃÂÃÂÃÂÃÂÃÂÃÂÃÂÃÂÃÂÃÂÃÂÃÂÃÂÃÂÃÂÃÂÃÂÃÂÃÂÃÂÃÂÃÂÃÂÃÂÃÂÃÂÃÂÃÂÃÂÃÂÃÂÃÂÃÂÃÂÃÂÃÂÃÂÃÂÃÂÃÂÃÂÃÂÃÂÃÂÃÂÃÂÃÂÃÂÃÂÃÂÃÂÃÂÃÂÃÂÃÂÃÂÃÂÃÂÃÂÃÂÃÂÃÂÃÂÃÂÃÂÃÂÃÂÃÂÃÂÃÂÃÂÃÂÃÂÃÂÃÂÃÂÃÂÃÂ¯ve
2162,-2,needy
2163,-2,negative
2164,-2,negativity
2165,-2,neglect
2166,-2,neglected
2167,-2,neglecting
2168,-2,neglects
2169,-1,nerves
2170,-2,nervous
2171,-2,nervously
2172,3,nice
2173,1,nifty
2174,-5,niggas
2175,-5,nigger
2176,-1,no
2177,-3,no fun
2178,1,noble
2179,1,noblest
2180,-1,noisy
2181,-2,non-approved
2182,-2,nonsense
2183,-2,noob
2184,-2,nosey
2185,-2,not good
2186,-3,not working
2187,2,notable
2188,2,noticeable
2189,-2,notorious
2190,2,novel
2191,-1,numb
2192,1,nurturing
2193,-3,nuts
2194,-2,obliterate
2195,-2,obliterated
2196,-3,obnoxious
2197,-2,obscene
2198,-2,obscenity
2199,2,obsessed
2200,-2,obsolete
2201,-2,obstacle
2202,-2,obstacles
2203,-2,obstinate
2204,-2,obstruct
2205,-2,obstructed
2206,-2,obstructing
2207,-2,obstruction
2208,-2,obstructs
2209,-2,odd
2210,-2,offence
2211,-2,offences
2212,-2,offend
2213,-2,offended
2214,-2,offender
2215,-2,offending
2216,-2,offends
2217,-2,offense
2218,-2,offenses
2219,-2,offensive
2220,-2,offensively
2221,-1,offline
2222,1,oks
2223,1,ominous
2224,1,once-in-a-lifetime
2225,-2,oops
2226,2,opportunities
2227,2,opportunity
2228,-2,oppressed
2229,-2,oppression
2230,-2,oppressions
2231,-2,oppressive
2232,2,optimism
2233,2,optimistic
2234,-2,optionless
2235,-2,ostracize
2236,-2,ostracized
2237,-2,ostracizes
2238,-2,ouch
2239,-2,outage
2240,-2,outages
2241,-2,outbreak
2242,-2,outbreaks
2243,-2,outcry
2244,-2,outmaneuvered
2245,-2,outnumbered
2246,-3,outrage
2247,-3,outraged
2248,-3,outrageous
2249,2,outreach
2250,5,outstanding
2251,4,overjoyed
2252,-1,overload
2253,-1,overlooked
2254,-2,overprotective
2255,-2,overran
2256,-2,overreact
2257,-2,overreacted
2258,-2,overreacting
2259,-2,overreaction
2260,-2,overreacts
2261,-2,oversell
2262,-2,overselling
2263,-2,oversells
2264,-1,oversight
2265,-2,oversimplification
2266,-2,oversimplified
2267,-2,oversimplifies
2268,-2,oversimplify
2269,-2,oversold
2270,-2,overstatement
2271,-2,overstatements
2272,-1,overweight
2273,-3,overwrought
2274,-1,oxymoron
2275,-2,pain
2276,-2,pained
2277,-2,painful
2278,-3,panic
2279,-3,panicked
2280,-3,panics
2281,3,paradise
2282,-1,paradox
2283,1,pardon
2284,1,pardoned
2285,1,pardoning
2286,1,pardons
2287,-1,parley
2288,1,passion
2289,2,passionate
2290,-1,passive
2291,-1,passively
2292,-2,pathetic
2293,-1,pay
2294,1,peace
2295,1,peaceful
2296,1,peacefully
2297,-2,penalize
2298,-2,penalized
2299,-2,penalizes
2300,-2,penalizing
2301,-2,penalty
2302,-1,pensive
2303,3,perfect
2304,2,perfected
2305,3,perfection
2306,3,perfectly
2307,2,perfects
2308,-2,peril
2309,-3,perjury
2310,-2,perpetrated
2311,-2,perpetrator
2312,-2,perpetrators
2313,-2,perplexed
2314,-2,persecute
2315,-2,persecuted
2316,-2,persecutes
2317,-2,persecuting
2318,-2,perturbed
2319,-3,pervert
2320,-2,pesky
2321,-2,pessimism
2322,-2,pessimistic
2323,-2,petrified
2324,1,philanthropy
2325,-2,phobic
2326,1,picturesque
2327,-1,pileup
2328,-2,pillage
2329,-2,pique
2330,-2,piqued
2331,-4,piss
2332,-4,pissed
2333,-3,pissing
2334,-2,piteous
2335,-1,pitied
2336,-2,pity
2337,-3,plague
2338,-3,plagued
2339,-3,plagues
2340,-3,plaguing
2341,1,playful
2342,3,pleasant
2343,1,please
2344,3,pleased
2345,3,pleasurable
2346,3,pleasure
2347,-2,plodding
2348,1,poignant
2349,-2,pointless
2350,-2,poised
2351,-2,poison
2352,-2,poisoned
2353,-2,poisons
2354,1,polished
2355,1,polite
2356,1,politeness
2357,-2,pollutant
2358,-2,pollute
2359,-2,polluted
2360,-2,polluter
2361,-2,polluters
2362,-2,pollutes
2363,-2,pollution
2364,-2,poor
2365,-2,poorer
2366,-2,poorest
2367,-2,poorly
2368,1,popular
2369,1,popularity
2370,2,positive
2371,2,positively
2372,-2,possessive
2373,-2,post-traumatic
2374,-1,postpone
2375,-1,postponed
2376,-1,postpones
2377,-1,postponing
2378,-1,poverty
2379,2,powerful
2380,-2,powerless
2381,1,praise
2382,1,praised
2383,1,praises
2384,1,praising
2385,1,pray
2386,1,praying
2387,1,prays
2388,-2,prblm
2389,-2,prblms
2390,-2,predatory
2391,1,prepared
2392,-1,pressure
2393,-2,pressured
2394,-1,pretend
2395,-1,pretending
2396,-1,pretends
2397,1,pretty
2398,-1,prevent
2399,-1,prevented
2400,-1,preventing
2401,-1,prevents
2402,-5,prick
2403,-2,prison
2404,-2,prisoner
2405,-2,prisoners
2406,1,privileged
2407,2,proactive
2408,-2,problem
2409,-2,problems
2410,2,profit
2411,2,profitable
2412,-2,profiteer
2413,2,profits
2414,2,progress
2415,-1,prohibit
2416,-1,prohibits
2417,1,prominent
2418,1,promise
2419,1,promised
2420,1,promises
2421,1,promote
2422,1,promoted
2423,1,promotes
2424,1,promoting
2425,1,promptly
2426,-2,propaganda
2427,-1,prosecute
2428,-2,prosecuted
2429,-1,prosecutes
2430,-1,prosecution
2431,1,prospect
2432,1,prospects
2433,3,prosperity
2434,3,prosperous
2435,1,protect
2436,1,protected
2437,1,protects
2438,-2,protest
2439,-2,protesters
2440,-2,protesting
2441,-2,protests
2442,2,proud
2443,2,proudly
2444,-1,provoke
2445,-1,provoked
2446,-1,provokes
2447,-1,provoking
2448,2,prudence
2449,-3,pseudoscience
2450,-2,psychopathic
2451,-2,punish
2452,-2,punished
2453,-2,punishes
2454,-2,punishing
2455,-2,punitive
2456,1,pure
2457,1,purest
2458,1,purposeful
2459,-1,pushy
2460,-2,puzzled
2461,-2,quaking
2462,1,qualities
2463,1,quality
2464,-2,questionable
2465,-1,questioned
2466,-1,questioning
2467,-3,racism
2468,-3,racist
2469,-3,racists
2470,-2,rage
2471,-2,rageful
2472,-1,rainy
2473,-3,rant
2474,-3,ranter
2475,-3,ranters
2476,-3,rants
2477,-4,rape
2478,-4,raped
2479,-4,rapist
2480,1,rapture
2481,1,raptured
2482,1,raptures
2483,4,rapturous
2484,-2,rash
2485,1,ratified
2486,1,reach
2487,1,reached
2488,1,reaches
2489,1,reaching
2490,1,reassure
2491,1,reassured
2492,1,reassures
2493,1,reassuring
2494,-2,rebel
2495,-2,rebellion
2496,-2,rebels
2497,-2,recession
2498,-2,reckless
2499,2,recognition
2500,1,recommend
2501,1,recommended
2502,1,recommends
2503,1,redeemed
2504,1,refine
2505,1,refined
2506,1,refines
2507,1,refreshingly
2508,-2,refuse
2509,-2,refused
2510,-2,refuses
2511,-2,refusing
2512,-2,regret
2513,-2,regretful
2514,-2,regrets
2515,-2,regretted
2516,-2,regretting
2517,1,reigning
2518,-1,reject
2519,-1,rejected
2520,-1,rejecting
2521,-2,rejection
2522,-1,rejects
2523,4,rejoice
2524,4,rejoiced
2525,4,rejoices
2526,4,rejoicing
2527,1,relaxed
2528,-1,relentless
2529,2,reliability
2530,2,reliable
2531,1,reliably
2532,1,reliant
2533,1,relieve
2534,1,relieved
2535,1,relieves
2536,1,relieving
2537,1,relishing
2538,2,remarkable
2539,-2,remorse
2540,-2,repellent
2541,-2,repercussion
2542,-2,repercussions
2543,-2,reprimand
2544,-2,reprimanded
2545,-2,reprimanding
2546,-2,reprimands
2547,-1,repulse
2548,-2,repulsed
2549,-2,repulsive
2550,2,rescue
2551,2,rescued
2552,2,rescues
2553,-2,resentful
2554,-1,resign
2555,-1,resigned
2556,-1,resigning
2557,-1,resigns
2558,2,resolute
2559,1,resolution
2560,1,resolve
2561,1,resolved
2562,1,resolves
2563,1,resolving
2564,2,respect
2565,2,respected
2566,2,respects
2567,1,responsibility
2568,1,responsible
2569,1,responsive
2570,1,restful
2571,-2,restless
2572,1,restore
2573,1,restored
2574,1,restores
2575,1,restoring
2576,-2,restrict
2577,-2,restricted
2578,-2,restricting
2579,-2,restriction
2580,-1,restrictive
2581,-2,restricts
2582,-1,retained
2583,-2,retard
2584,-2,retarded
2585,-1,retreat
2586,-2,revenge
2587,-2,revengeful
2588,1,revered
2589,1,revive
2590,1,revives
2591,-2,revolting
2592,2,reward
2593,2,rewarded
2594,2,rewarding
2595,2,rewards
2596,1,rich
2597,1,richly
2598,-3,ridiculous
2599,-1,rig
2600,-1,rigged
2601,3,right direction
2602,1,righteousness
2603,1,rightful
2604,1,rightfully
2605,1,rigorous
2606,1,rigorously
2607,-2,riot
2608,-2,riots
2609,1,rise
2610,1,rises
2611,-2,risk
2612,-2,risks
2613,-2,risky
2614,3,riveting
2615,-2,rob
2616,-2,robber
2617,-2,robed
2618,-2,robing
2619,-2,robs
2620,2,robust
2621,4,rofl
2622,4,roflcopter
2623,4,roflmao
2624,1,romance
2625,1,romantical
2626,1,romantically
2627,1,rose
2628,4,rotfl
2629,4,rotflmfao
2630,4,rotflol
2631,-3,rotten
2632,-2,rude
2633,-2,ruin
2634,-2,ruined
2635,-2,ruining
2636,-2,ruins
2637,-2,sabotage
2638,-2,sad
2639,-2,sadden
2640,-2,saddened
2641,-2,sadly
2642,1,safe
2643,1,safely
2644,1,safer
2645,1,safety
2646,1,salient
2647,2,salute
2648,2,saluted
2649,2,salutes
2650,2,saluting
2651,1,salvation
2652,-1,sappy
2653,-2,sarcastic
2654,2,satisfied
2655,-2,savange
2656,-2,savanges
2657,1,save
2658,1,saved
2659,1,savings
2660,-2,scam
2661,-2,scams
2662,-3,scandal
2663,-3,scandalous
2664,-3,scandals
2665,-2,scapegoat
2666,-2,scapegoats
2667,-2,scare
2668,-2,scared
2669,-2,scar
2670,-2,scars
2671,-2,scary
2672,-2,sceptical
2673,-2,scold
2674,1,scoop
2675,-2,scorn
2676,-2,scornful
2677,-2,scream
2678,-2,screamed
2679,-2,screaming
2680,-2,screams
2681,-2,screwed
2682,-3,screwed up
2683,-3,scum
2684,-4,scumbag
2685,2,seamless
2686,2,seamlessly
2687,1,secure
2688,1,secured
2689,1,secures
2690,-2,sedition
2691,-2,seditious
2692,-1,seduced
2693,-2,self-abuse
2694,2,self-confident
2695,-2,self-contradictory
2696,-2,self-deluded
2697,-3,selfish
2698,-3,selfishness
2699,-2,sentence
2700,-2,sentenced
2701,-2,sentences
2702,-2,sentencing
2703,1,serene
2704,1,settlement
2705,1,settlements
2706,-2,severe
2707,-2,severely
2708,-2,sexist
2709,-2,sexistic
2710,3,sexy
2711,-2,shaky
2712,-2,shame
2713,-2,shamed
2714,-2,shameful
2715,1,share
2716,1,shared
2717,1,shares
2718,-2,shattered
2719,-4,shit
2720,-4,shithead
2721,-3,shitty
2722,-2,shock
2723,-2,shocked
2724,-2,shocking
2725,-2,shocks
2726,-2,shoody
2727,-1,shoot
2728,-2,short-sighted
2729,-2,short-sightedness
2730,-2,shortage
2731,-2,shortages
2732,-4,shrew
2733,-1,shy
2734,-2,sick
2735,-2,sickness
2736,-2,side-effect
2737,-2,side-effects
2738,-2,sigh
2739,1,significance
2740,1,significant
2741,-1,silencing
2742,-1,silly
2743,1,simplicity
2744,-2,sin
2745,2,sincere
2746,2,sincerely
2747,2,sincerest
2748,2,sincerity
2749,-3,sinful
2750,-2,singleminded
2751,-2,sinister
2752,-2,sins
2753,-2,skeptic
2754,-2,skeptical
2755,-2,skepticism
2756,-2,skeptics
2757,-2,slam
2758,-2,slash
2759,-2,slashed
2760,-2,slashes
2761,-2,slashing
2762,-3,slave
2763,-3,slavery
2764,-3,slaves
2765,-2,sleeplessness
2766,1,slick
2767,1,slicker
2768,1,slickest
2769,-1,slip
2770,-2,sloppy
2771,-2,sluggish
2772,-1,slumping
2773,-5,slut
2774,1,smart
2775,2,smarter
2776,2,smartest
2777,-2,smear
2778,1,smile
2779,1,smiled
2780,1,smiles
2781,1,smiling
2782,-2,smog
2783,-2,smuggle
2784,-2,smuggled
2785,-2,smuggling
2786,-2,smuggles
2787,-1,sneaky
2788,-2,sneeze
2789,-2,sneezed
2790,-2,sneezes
2791,-2,sneezing
2792,-2,snub
2793,-2,snubbed
2794,-2,snubbing
2795,-2,snubs
2796,1,sobering
2797,-1,solemn
2798,2,solid
2799,2,solidarity
2800,2,solidified
2801,2,solidifies
2802,2,solidify
2803,2,solidifying
2804,1,solution
2805,1,solutions
2806,1,solve
2807,1,solved
2808,1,solves
2809,1,solving
2810,-2,somber
2811,0,some kind
2812,-5,son-of-a-bitch
2813,1,soothe
2814,1,soothed
2815,1,soothing
2816,1,sophisticated
2817,-1,sore
2818,-2,sorrow
2819,-2,sorrowful
2820,-1,sorry
2821,1,spacious
2822,-2,spam
2823,-3,spammer
2824,-3,spammers
2825,-2,spamming
2826,1,spark
2827,3,sparkle
2828,3,sparkles
2829,1,sparkling
2830,1,spearhead
2831,-2,speculative
2832,1,spirit
2833,1,spirited
2834,-2,spiritless
2835,-2,spiteful
2836,1,splendid
2837,-2,spoiled
2838,-2,spoilt
2839,1,spotless
2840,1,sprightly
2841,-2,squander
2842,-2,squandered
2843,-2,squandering
2844,-2,squanders
2845,-1,squelched
2846,-2,stab
2847,-2,stabbed
2848,2,stable
2849,-2,stabs
2850,-2,stall
2851,-2,stalled
2852,-2,stalling
2853,2,stamina
2854,-2,stampede
2855,-2,stank
2856,-2,startled
2857,3,startling
2858,-2,starve
2859,-2,starved
2860,-2,starves
2861,-2,starving
2862,1,steadfast
2863,-2,steal
2864,-2,stealing
2865,-2,steals
2866,-2,stereotype
2867,-2,stereotyped
2868,-1,stifled
2869,1,stimulate
2870,1,stimulated
2871,1,stimulates
2872,1,stimulating
2873,-2,stingy
2874,-2,stink
2875,-2,stinked
2876,-2,stinker
2877,-2,stinking
2878,-2,stinks
2879,-2,stinky
2880,-2,stole
2881,-2,stolen
2882,-1,stop
2883,-1,stopped
2884,-1,stopping
2885,-1,stops
2886,1,stout
2887,1,straight
2888,-1,strange
2889,-1,strangely
2890,-2,strangled
2891,2,strength
2892,2,strengthen
2893,2,strengthened
2894,2,strengthening
2895,2,strengthens
2896,2,strengths
2897,-1,stress
2898,-2,stressed
2899,-2,stressor
2900,-2,stressors
2901,-2,stricken
2902,-1,strike
2903,-2,strikers
2904,-1,strikes
2905,2,strong
2906,2,stronger
2907,2,strongest
2908,-1,struck
2909,-2,struggle
2910,-2,struggled
2911,-2,struggles
2912,-2,struggling
2913,-2,stubborn
2914,-2,stuck
2915,-2,stunned
2916,4,stunning
2917,-2,stupid
2918,-3,stupidity
2919,-2,stupidly
2920,1,suave
2921,-2,subpoena
2922,1,substantial
2923,1,substantially
2924,-2,subversive
2925,3,succeed
2926,3,succeeded
2927,3,succeeding
2928,3,succeeds
2929,2,success
2930,3,successful
2931,3,successfully
2932,-3,suck
2933,-3,sucks
2934,-2,sue
2935,-2,sued
2936,-2,sueing
2937,-2,sues
2938,-2,suffer
2939,-2,suffered
2940,-2,sufferer
2941,-2,sufferers
2942,-2,suffering
2943,-2,suffers
2944,-2,suicidal
2945,-2,suicide
2946,-2,suicides
2947,-2,suing
2948,1,suitable
2949,1,suited
2950,-2,sulking
2951,-2,sulky
2952,-2,sullen
2953,1,sunshine
2954,3,super
2955,5,superb
2956,2,superior
2957,2,support
2958,2,supported
2959,1,supporter
2960,1,supporters
2961,1,supporting
2962,2,supportive
2963,2,supports
2964,4,supreme
2965,1,survived
2966,1,surviving
2967,1,survivor
2968,-1,suspect
2969,-1,suspected
2970,-1,suspecting
2971,-1,suspects
2972,-1,suspend
2973,-1,suspended
2974,-2,suspicious
2975,1,sustainability
2976,1,sustainable
2977,1,sustainably
2978,-2,swear
2979,-2,swearing
2980,-2,swears
2981,1,sweet
2982,3,sweeter
2983,3,sweetest
2984,1,swift
2985,1,swiftly
2986,-3,swindle
2987,-3,swindles
2988,-3,swindling
2989,1,sympathetic
2990,1,sympathy
2991,-2,taint
2992,-2,tainted
2993,2,talent
2994,-2,tard
2995,-2,tarnish
2996,-2,tarnished
2997,-2,tarnishes
2998,-2,tears
2999,1,tender
3000,1,tenderness
3001,-2,tense
3002,-1,tension
3003,-3,terrible
3004,-3,terribly
3005,4,terrific
3006,4,terrifically
3007,-3,terrified
3008,-3,terror
3009,-2,terrorist
3010,-2,terrorists
3011,-3,terrorize
3012,-3,terrorized
3013,-3,terrorizes
3014,2,thank
3015,2,thankful
3016,2,thanks
3017,-2,thorny
3018,2,thoughtful
3019,-2,thoughtless
3020,-2,threat
3021,-2,threaten
3022,-2,threatened
3023,-2,threatening
3024,-2,threatens
3025,-2,threats
3026,5,thrilled
3027,-2,thwart
3028,-2,thwarted
3029,-2,thwarting
3030,-2,thwarts
3031,-2,timid
3032,-2,timorous
3033,-2,tired
3034,-2,tits
3035,1,tolerance
3036,1,tolerant
3037,-2,toothless
3038,2,top
3039,1,tops
3040,-2,torn
3041,-4,torture
3042,-4,tortured
3043,-4,tortures
3044,-4,torturing
3045,-2,totalitarian
3046,-2,totalitarianism
3047,-2,tout
3048,-2,touted
3049,-2,touting
3050,-2,touts
3051,-3,toxic
3052,-2,tragedies
3053,-2,tragedy
3054,-2,tragic
3055,2,tranquil
3056,-2,transgress
3057,-2,transgressed
3058,-2,transgresses
3059,-2,transgressing
3060,-1,trap
3061,-2,trapped
3062,-1,traps
3063,-3,trauma
3064,-3,traumatic
3065,-2,travesty
3066,-3,treason
3067,-3,treasonous
3068,1,treasure
3069,1,treasures
3070,-2,trembling
3071,-2,tremor
3072,-2,tremors
3073,-2,tremulous
3074,-2,tribulation
3075,1,tribute
3076,-2,tricked
3077,-2,trickery
3078,4,triumph
3079,4,triumphant
3080,-2,troll
3081,-2,trouble
3082,-2,troubled
3083,-2,troubles
3084,-2,troubling
3085,1,TRUE
3086,1,trust
3087,2,trusted
3088,1,trusts
3089,-2,tumor
3090,-5,twat
3091,-3,tyran
3092,-3,tyrannic
3093,-3,tyrannical
3094,-3,tyrannically
3095,-3,tyrans
3096,2,ubiquitous
3097,-2,ugh
3098,-3,ugliness
3099,-3,ugly
3100,-2,unable
3101,-2,unacceptable
3102,-2,unappeasable
3103,-2,unappreciated
3104,-2,unapproved
3105,-2,unattractive
3106,-1,unavailable
3107,-2,unavailing
3108,-2,unaware
3109,-2,unbearable
3110,-1,unbelievable
3111,-1,unbelieving
3112,1,unbiased
3113,-1,uncertain
3114,-1,unclear
3115,-2,uncomfortable
3116,-2,unconcerned
3117,-1,unconfirmed
3118,-1,unconvinced
3119,-1,uncredited
3120,-1,undecided
3121,-2,undercooked
3122,-1,underestimate
3123,-1,underestimated
3124,-1,underestimates
3125,-1,underestimating
3126,-2,undermine
3127,-2,undermined
3128,-2,undermines
3129,-2,undermining
3130,-2,underperform
3131,-2,underperformed
3132,-2,underperforming
3133,-2,underperforms
3134,-2,undeserving
3135,-2,undesirable
3136,-2,uneasy
3137,-1,unemployed
3138,-2,unemployment
3139,-1,unequal
3140,1,unequaled
3141,-2,unethical
3142,-2,uneventful
3143,-2,unfair
3144,-2,unfavorable
3145,-2,unfit
3146,-2,unfitted
3147,-2,unfocused
3148,-3,unforgivable
3149,-2,unforgiving
3150,-2,unfulfilled
3151,-2,unfunny
3152,-2,ungenerous
3153,-3,ungrateful
3154,-2,unhappy
3155,-2,unhappiness
3156,-2,unhealthy
3157,-2,unhygienic
3158,1,unified
3159,-2,unimaginative
3160,-2,unimpressed
3161,-2,uninspired
3162,-2,unintelligent
3163,-2,unintentional
3164,-2,uninvolving
3165,1,united
3166,-2,unjust
3167,-1,unlikely
3168,-2,unlovable
3169,-2,unloved
3170,1,unmatched
3171,-2,unmotivated
3172,-2,unoriginal
3173,-2,unparliamentary
3174,-2,unpleasant
3175,-2,unpleasantness
3176,-2,unprofessional
3177,1,unravel
3178,-2,unreleting
3179,-2,unresearched
3180,-2,unsafe
3181,-2,unsatisfied
3182,-2,unscientific
3183,-2,unsecured
3184,1,unselfish
3185,-1,unsettled
3186,-1,unsold
3187,-2,unsophisticated
3188,-2,unsound
3189,-2,unstable
3190,2,unstoppable
3191,-2,unsuccessful
3192,-2,unsuccessfully
3193,-2,unsupported
3194,-1,unsure
3195,2,untarnished
3196,-2,untrue
3197,-2,unwanted
3198,-2,unworthy
3199,2,uplifting
3200,-3,uproar
3201,-2,upset
3202,-2,upsets
3203,-2,upsetting
3204,-2,uptight
3205,-1,urgent
3206,1,useful
3207,1,usefulness
3208,-2,useless
3209,-2,uselessness
3210,-2,vague
3211,1,validate
3212,1,validated
3213,1,validates
3214,1,validating
3215,-2,vapid
3216,-1,verdict
3217,-1,verdicts
3218,1,vested
3219,-2,vexation
3220,-2,vexing
3221,3,vibrant
3222,-2,vicious
3223,-3,victim
3224,-3,victimization
3225,-3,victimize
3226,-3,victimized
3227,-3,victimizes
3228,-3,victimizing
3229,-3,victims
3230,3,victor
3231,3,victors
3232,3,victory
3233,3,victories
3234,3,vigilant
3235,1,vigor
3236,-3,vile
3237,1,vindicate
3238,1,vindicated
3239,1,vindicates
3240,1,vindicating
3241,-2,violate
3242,-2,violated
3243,-2,violates
3244,-2,violating
3245,-2,violation
3246,-2,violations
3247,-3,violence
3248,-3,violence-related
3249,-3,violent
3250,-3,violently
3251,1,virtuous
3252,-2,virulent
3253,1,vision
3254,3,visionary
3255,1,visioning
3256,1,visions
3257,3,vitality
3258,1,vitamin
3259,-3,vitriolic
3260,1,vivacious
3261,1,vividly
3262,-1,vociferous
3263,-3,vomit
3264,-3,vomited
3265,-3,vomiting
3266,-3,vomits
3267,-2,vulnerability
3268,-2,vulnerable
3269,-2,walkout
3270,-2,walkouts
3271,-3,wanker
3272,1,want
3273,-2,war
3274,-2,warfare
3275,1,warm
3276,2,warmhearted
3277,2,warmness
3278,2,warmth
3279,-2,warn
3280,-2,warned
3281,-3,warning
3282,-3,warnings
3283,-2,warns
3284,-1,waste
3285,-2,wasted
3286,-2,wasting
3287,-1,wavering
3288,-2,weak
3289,-2,weakened
3290,-2,weakness
3291,-2,weaknesses
3292,3,wealth
3293,1,wealthier
3294,1,wealthy
3295,-2,weary
3296,-2,weep
3297,-2,weeping
3298,-2,weird
3299,1,welcome
3300,1,welcomed
3301,1,welcomes
3302,2,well-being
3303,3,well-championed
3304,2,well-developed
3305,2,well-established
3306,2,well-focused
3307,1,well-groomed
3308,1,well-proportioned
3309,1,whimsical
3310,-3,whitewash
3311,-4,whore
3312,-2,wicked
3313,-1,widowed
3314,1,willingness
3315,4,win
3316,4,winner
3317,4,winning
3318,4,wins
3319,3,winwin
3320,1,wisdom
3321,1,wish
3322,1,wishes
3323,1,wishing
3324,-3,withdrawal
3325,1,wits
3326,-2,woebegone
3327,-3,woeful
3328,3,won
3329,4,wonderful
3330,4,wonderfully
3331,3,woo
3332,3,woohoo
3333,4,wooo
3334,4,woow
3335,-1,worn
3336,-3,worried
3337,-3,worries
3338,-3,worry
3339,-3,worrying
3340,-3,worse
3341,-3,worsen
3342,-3,worsened
3343,-3,worsening
3344,-3,worsens
3345,3,worshiped
3346,-3,worst
3347,1,worth
3348,-2,worthless
3349,1,worthy
3350,4,wow
3351,4,wowow
3352,4,wowww
3353,-3,wrathful
3354,-2,wreck
3355,-2,wrenching
3356,-2,wrong
3357,-2,wrongdoing
3358,-2,wrongdoings
3359,-2,wronged
3360,-2,wrongful
3361,-2,wrongfully
3362,-2,wrongly
3363,-4,wtf
3364,-4,wtff
3365,-4,wtfff
3366,3,xo
3367,3,xoxo
3368,4,xoxoxo
3369,4,xoxoxoxo
3370,1,yeah
3371,1,yearning
3372,1,yeees
3373,1,yes
3374,1,youthful
3375,-2,yucky
3376,3,yummy
3377,-2,zealot
3378,-2,zealots
3379,1,zealous
3380,2,well
3381,4,rockstar
3382,4,superstar
3383,2,valuable
3384,3,knowledgeble
3385,3,rock
3386,3,diligently
3387,3,nicely
3388,3,astonishing
3389,3,thorough
3390,-4,not
3391,3,thorough
3392,3,Incredible
3393,3,incredible
3394,3,passion
3395,3,amazingly
3396,3,genius
3397,3,experienced
3398,4,fantabulous
3399,3,perfectionist
3400,3,punctual
3401,3,leadership
3402,2,active
3403,2,cool
3404,2,selfmotivated
3405,3,smart
3406,2,commendable
3407,3,efficient
3408,2,right
3409,2,high
3410,3,bravo
